full_name,random_integer,credit_card_number,credit_card_expiration,credit_card_security_code
Kristin Hirthe,66656.0,3621-114362-8561,12/26,875
Valerie Feil,32101.4,6759-5586-8333-7522,04/27,327
Robin Ledner,56743.0,3695-179715-8726,08/26,024
Christie Klein,91016.0,6011-6240-2480-0462-2793,01/27,887
Johnathan Greenfelder PhD,71492.0,3639-843811-8065,11/26,694
Travis Mosciski,76380.0,3794-674084-50734,12/26,392
Delbert Bernier,50323.0,3705-742623-91414,09/26,625
Marvin Johns,81070.0,5420-2353-1856-5059,11/26,809
Vicky Schulist,30484.0,3529-9445-1570-0228,07/26,180
Allan Nitzsche,87847.0,6767-8202-1977-1737-18,03/27,126
Peter Morissette,27728.0,6375-3020-1222-6047,04/27,968
Rhonda Lehner,21643.0,3528-0092-4900-6725,06/27,306
Greg Parisian,86051.0,6011-7258-0953-3431,04/27,781
Tomas Reynolds Sr.,97847.0,6388-8656-5196-1909,07/26,817
Ms. Judy Collins,10146.0,6488-6203-5789-6551-0853,03/27,598
Nelson Heidenreich,65433.0,6759-8476-6315-9600,01/27,275
Vernon Jacobson Sr.,73490.0,5567-3674-3182-3050,03/27,866
Lola Dicki,34693.0,6767-9442-3697-3283-731,12/26,649
Roger Runte,79245.0,4513-3964-3492-2373,12/26,802
Mr. Kendra Ankunding,87725.0,6771482449839224835,10/26,137
Kelly Davis,19377.0,3038-719861-5539,03/27,246
Thelma MacGyver,36131.0,6387-7777-6280-4321,01/27,469
Jordan Prohaska,18603.0,5435-7560-2422-3340,11/26,311
Brett Gaylord,33084.0,6399-1998-8555-6647,11/26,109
Sheila Reichel,26665.0,3410-909951-70546,11/26,355
Isaac Johns II,58870.0,3549-4100-7087-8953,08/26,381
Dr. Maryann Kshlerin,80318.0,3406-803470-71011,07/26,696
Dr. James Koepp,67207.0,6759181533064238,08/26,170
Katrina Koch,8146.0,6767-9769-2707-2403-504,03/27,231
Wendell Dickens,2059.0,6767-0486-1052-9431,07/27,303
